datapath,site,source,acq_date,starttime,endtime,tzone,xcoord,ycoord,elevation,input_crs
SampleHVSRSite1_AM.RAC84.00.2023.046_2023-02-15_1704-1734.MSEED,SampleHVSRSite1,file,2/15/2023,17:04,17:34,UTC,-87.529,41.691,582.2,EPSG:4326
SampleHVSRSite2_AM.RAC84.00.2023-02-15_2132-2200.MSEED,SampleHVSRSite2,file,2/15/2023,15:32,16:00,US/Central,-87.53764,41.6695,584.9,EPSG:4326
SampleHVSRSite3_AM.RAC84.00.2023.199_2023-07-18_1432-1455.MSEED,SampleHVSRSite3,file,7/18/2023,14:32,14:55,UTC,,,,
SampleHVSRSite4_AM.RAC84.00.2023.199_2023-07-18_1609-1629.MSEED,SampleHVSRSite4,file,7/18/2023,16:09,16:29,UTC,,,,
SampleHVSRSite5_AM.RAC84.00.2023.199_2023-07-18_2039-2100.MSEED,SampleHVSRSite5,file,7/18/2023,16:39,17:00,US/Eastern,,,,
SampleHVSRSite6_AM.RAC84.00.2023.192_2023-07-11_1510-1528.MSEED,SampleHVSRSite6,file,7/11/2023,15:10,15:28,UTC,,,,